<?xml version="1.0" encoding="UTF-8" standalone="yes"?>
<addon id="plugin.video.oliyumoliyum" name="Oliyum Oliyum" version="1.0.4" provider-name="codenx">
  <requires>
    <import addon="xbmc.python" version="1.0"/>
  </requires>
  <extension point="xbmc.python.pluginsource" library="default.py">
        <provides>video</provides>
  </extension>
  <extension point="xbmc.addon.metadata">
    <summary>Oliyum Oliyum scrapes the web for Tamil TV Shows, Serials and Movies.</summary>
    <description>Links to watch Tamil TV Shows and Movies.</description>
    <platform>all</platform>
  </extension>
</addon>
