<?xml version="1.0" encoding="UTF-8" standalone="yes"?>
<addon id="plugin.video.oliyumoliyum" name="Oliyum Oliyum" version="1.0.0" provider-name="Senthil">
  <requires>
    <import addon="xbmc.python" version="1.0"/>
  </requires>
  <extension point="xbmc.python.pluginsource" library="default.py">
        <provides>video</provides>
  </extension>
  <extension point="xbmc.addon.metadata">
    <summary>Oliyum Oliyum contains all what you look around on web for Tamil content.</summary>
    <description>Links to watch Tamil TV Shows and Movies.</description>
    <platform>all</platform>
  </extension>
</addon>
