<?xml version="1.0" encoding="UTF-8" standalone="yes"?>
<addon id="plugin.video.oliyumoliyum" name="Oliyum Oliyum" version="2.0.2" provider-name="codenx">
  <requires>
    <import addon="xbmc.python" version="1.0"/>
	 <import addon="script.module.simplejson" version="2.0.10" />
    <import addon="script.module.beautifulsoup" version="3.2.0"/>
    <import addon="script.module.urlresolver" version="2.0.9"/>
    <import addon="plugin.video.dailymotion_com" version="2.1.1"/>
    <import addon="script.module.t0mm0.common" version="2.1.1"/>
  </requires>
  <extension point="xbmc.python.pluginsource" library="default.py">
        <provides>video</provides>
  </extension>
  <extension point="xbmc.addon.metadata">
    <summary>Oliyum Oliyum scrapes the web for Tamil TV Shows, Serials and Movies.</summary>
    <description>Links to watch Tamil TV Shows and Movies.</description>
    <platform>all</platform>
  </extension>
</addon>
