﻿<?xml version="1.0" encoding="UTF-8" standalone="yes"?>
<addon id="repository.codenx.addons" name="codenx's XBMC Addons" version="1.0.0" provider-name="senthil">
	<extension	point="xbmc.addon.repository" name="codenx's XBMC Addon Repository">
		<info compressed="false">https://github.com/codenx/codenx-xbmc-addons/raw/master/addons.xml</info>
		<checksum>https://github.com/codenx/codenx-xbmc-addons/raw/master/addons.xml.md5</checksum>
		<datadir zip="true">https://github.com/codenx/codenx-xbmc-addons/tree/master/data/</datadir>
	</extension>
	<extension point="xbmc.addon.metadata">
		<summary>Install codenx's Addons</summary>
		<description>Download and install codenx's Addons</description>
		<disclaimer></disclaimer>
		<platform>all</platform>
	</extension>
</addon>
